d1uoya_/g.3.19.1	64	64
d1b33n_/d.30.1.1	67	67
d1skva_/a.30.5.1	64	64
d2vyxa_/d.230.2.1	64	67
d2cc6a_/d.230.2.1	67	67
d1qd6.1/f.4.2.1	13	13
d2v8qb1/d.353.1.1	68	73
d2qlvb2/d.353.1.1	73	73
d1k6ya1/a.4.10.1	46	46
d1uuja_/a.221.1.1	76	76
d1jw2a_/a.23.5.1	72	72
d1o6wa2/b.72.1.1	27	34
d2dk1a1/b.72.1.1	28	34
d1eg3a3/b.72.1.1	33	34
d1pina1/b.72.1.1	33	34
d2jmfa1/b.72.1.1	34	34
d2ho2a1/b.72.1.1	38	34
d1ywia1/b.72.1.1	38	34
d1e0na_/b.72.1.1	46	34
d1kqfb2/f.23.22.1	45	45
d1fx7a3/b.34.1.2	47	75
d2dtra3/b.34.1.2	47	75
d2h3ja1/b.34.1.2	54	75
d1igqa_/b.34.1.3	75	75
d2e64a1/b.34.1.1	77	75
d1biaa2/b.34.1.1	86	75
d2ffga1/d.317.1.1	78	78
d1q4ga1/a.93.1.2	104	308
d2jdid2/b.49.1.1	71	72
d2jdia2/b.49.1.1	72	72
d1u5ma_/g.27.1.2	41	47
d1tpga2/g.27.1.1	43	47
d2cg7a2/g.27.1.1	44	47
d1o9aa1/g.27.1.1	47	47
d2cg7a1/g.27.1.1	50	47
d1e88a3/g.27.1.1	73	47
d1vq831/g.41.8.3	44	56
d1vq8z1/g.41.8.1	50	56
d2j0151/g.41.8.5	55	56
d1qxfa_/g.41.8.4	56	56
d2qam01/g.41.8.5	56	56
d2ayja1/g.41.8.7	56	56
d1vq811/g.41.8.2	58	56
d2k4xa1/g.41.8.8	59	56
d2i2t11/g.41.8.6	73	56
d2j0161/g.41.8.6	92	56
d1dpjb_/a.137.7.1	29	29
d2jv3a_/a.60.1.1	57	74
d1sxea_/a.60.1.1	60	74
d1sxda_/a.60.1.1	62	74
d2d8ca1/a.60.1.2	63	74
d1sv0c_/a.60.1.1	64	74
d1x40a1/a.60.1.2	68	74
d1v38a_/a.60.1.2	70	74
d1ji7a_/a.60.1.1	70	74
d3bs5b_/a.60.1.0	71	74
d1b4fa_/a.60.1.2	74	74
d2h80a1/a.60.1.3	75	74
d1z1va1/a.60.1.2	77	74
d1kw4a_/a.60.1.2	78	74
d3bq7a_/a.60.1.0	78	74
d2f3na1/a.60.1.2	82	74
d1pk3a1/a.60.1.2	85	74
d1oxja1/a.60.1.2	91	74
d1ow5a_/a.60.1.2	97	74
d1dxsa_/a.60.1.2	110	74
d2nn4a1/a.272.1.1	62	62
d2hg7a1/d.186.2.1	60	60
d1dj8a_/a.57.1.1	79	79
d1pzqa_/a.34.3.1	60	60
d1t1ea2/d.58.3.2	71	73
d1kn6a_/d.58.3.3	72	73
d1v5ib1/d.58.3.2	73	73
d3cnqp_/d.58.3.2	179	73
d1ryqa_/g.41.9.3	46	64
d1twfl_/g.41.9.2	64	64
d3kcgi_/e.1.1.1	40	375
d1jmja_/e.1.1.1	46	375
d2jdii_/a.137.8.1	25	25
d2b5dx1/a.8.3.3	37	105
d2hf1a1/b.171.1.1	59	59
d1nkda_/a.30.1.1	59	59
d1xova1/b.34.11.4	72	75
d1m9sa3/b.34.11.1	74	75
d1m9sa2/b.34.11.1	75	75
d2evra1/b.34.11.3	86	75
d2akka1/b.34.11.2	134	75
d1bjta_/e.11.1.1	127	464
d1yc0i_/g.8.1.0	51	59
d1tocr2/g.8.1.2	54	59
d3m7qb_/g.8.1.1	56	59
d1bunb_/g.8.1.1	58	59
d1d0da_/g.8.1.2	58	59
d1dtxa_/g.8.1.1	59	59
d1ktha_/g.8.1.1	60	59
d1g6xa_/g.8.1.1	61	59
d1tocr1/g.8.1.2	61	59
d1bika1/g.8.1.1	63	59
d2uuyb1/g.8.1.3	66	59
d1tyeb3/g.16.2.1	49	56
d1olza3/g.16.2.1	56	56
d1shyb2/g.16.2.1	57	56
d1m1eb_/a.161.1.1	65	65
d2f69a1/b.76.2.1	78	78
d2rh3a1/a.43.1.10	35	66
d1cmba_/a.43.1.5	43	66
d1zx3a1/a.43.1.6	43	66
d2efva1/a.43.1.12	47	66
d1y9ba1/a.43.1.9	48	66
d1p94a_/a.43.1.3	48	66
d2bsqe1/a.43.1.8	49	66
d1mnta_/a.43.1.1	50	66
d2bj7a1/a.43.1.3	66	66
d1baza_/a.43.1.1	68	66
d2hzaa1/a.43.1.3	76	66
d1irqa_/a.43.1.4	81	66
d2gpea_/a.43.1.11	82	66
d2cpga_/a.43.1.3	86	66
d1x93a1/a.43.1.3	104	66
d1xrxa1/a.43.1.7	121	66
d1jnda2/d.26.3.1	61	72
d1goia3/d.26.3.1	62	72
d1edqa3/d.26.3.1	70	72
d1itxa2/d.26.3.1	72	72
d1vf8a2/d.26.3.1	73	72
d1w9pa2/d.26.3.1	88	72
d1kfwa2/d.26.3.1	92	72
d2qjla_/d.15.3.0	63	77
d1vjka_/d.15.3.1	65	77
d1v8ca1/d.15.3.1	65	77
d1fm0d_/d.15.3.1	68	77
d2hj1a1/d.15.3.4	70	77
d1ryja_/d.15.3.2	77	77
d1rwsa_/d.15.3.2	81	77
d1zud2_/d.15.3.2	87	77
d1tygb_/d.15.3.2	87	77
d2cu3a1/d.15.3.2	99	77
d2c9wa1/a.271.1.1	44	50
d2izva1/a.271.1.1	50	50
d2hbaa1/d.100.1.1	48	52
d3bsua_/d.100.1.0	52	52
d3im3a_/a.31.1.1	39	50
d2izxa_/a.31.1.1	50	50
d2isya2/a.76.1.1	74	76
d1on2a2/a.76.1.1	76	76
d1yvua1/b.34.14.1	118	301
d1u04a1/b.34.14.1	120	301
d1jhna3/b.104.1.1	37	142
d3bvua2/b.30.5.6	93	273
d1lsla1/g.60.1.1	54	54
d2axtt1/f.23.34.1	30	30
d1aqta1/a.2.10.1	44	50
d2jdih1/a.2.10.1	50	50
d1dqca_/g.31.1.1	36	73
d1iyca_/g.31.1.2	73	73
d1pb5a_/g.65.1.1	35	35
d1or7c_/a.180.1.1	66	66
d1ev0a_/d.71.1.1	58	58
d1kola1/b.35.1.2	75	175
d1rc9a2/g.19.1.2	35	37
d1bgka_/g.19.1.1	37	37
d1beia_/g.19.1.1	57	37
d2uubr1/a.4.8.1	70	70
d1wj7a1/a.5.2.1	38	54
d1veka_/a.5.2.1	41	54
d1vega_/a.5.2.1	41	54
d1vdla_/a.5.2.1	41	54
d1wiva_/a.5.2.1	41	54
d1vg5a_/a.5.2.1	42	54
d2dkla1/a.5.2.1	43	54
d2di0a1/a.5.2.4	43	54
d1wgna_/a.5.2.1	45	54
d1wgla_/a.5.2.4	46	54
d1oaia_/a.5.2.3	46	54
d1xb2b1/a.5.2.2	47	54
d1ttea1/a.5.2.1	49	54
d1mn3a_/a.5.2.4	51	54
d1efub3/a.5.2.2	51	54
d2crna1/a.5.2.1	54	54
d2cpwa1/a.5.2.1	54	54
d1otra_/a.5.2.4	55	54
d1pgya_/a.5.2.1	56	54
d2bwba_/a.5.2.1	59	54
d1v92a_/a.5.2.3	59	54
d1dv0a_/a.5.2.1	63	54
d3b0fa_/a.5.2.1	63	54
d2g3qa1/a.5.2.1	72	54
d3e46a1/a.5.2.1	73	54
d2daha1/a.5.2.1	73	54
d2cp8a1/a.5.2.1	80	54
d2cosa1/a.5.2.1	83	54
d1qzea1/a.5.2.1	84	54
d1z96a1/a.5.2.1	91	54
d1ouwa_/b.77.3.1	15	138
d2axtz1/f.17.5.1	62	62
d3ag3i_/f.23.3.1	73	73
d2apob_/g.41.16.1	48	55
d3u28b_/g.41.16.1	55	55
d2pw8i_/g.3.15.2	39	52
d1e0fi_/g.3.15.2	51	52
d1skza1/g.3.15.1	52	52
d1bx7a_/g.3.15.1	57	52
d1deca_/g.3.15.2	62	52
d2ot2a1/b.40.14.1	71	76
d3d3ra1/b.40.14.1	76	76
d2z1ca1/b.40.14.1	90	76
d1vp7a_/a.7.13.1	68	68
d1sknp_/a.37.1.1	41	74
d1k1va_/a.37.1.1	74	74
d1jyoe_/d.184.1.2	43	76
d1xg0a_/d.184.1.1	76	76
d1ppji_/d.184.1.3	102	76
d1zoqc_/a.153.1.1	47	47
d1kbha_/a.153.1.1	47	47
d1kk8a2/c.37.1.9	94	216
d1wira_/g.37.1.5	24	35
d1x6fa1/g.37.1.1	25	35
d1zu1a1/g.37.1.4	26	35
d1zr9a1/g.37.1.4	26	35
d2vrda1/g.37.1.4	27	35
d1x3ca1/g.37.1.1	28	35
d2ct5a1/g.37.1.6	28	35
d1zu1a2/g.37.1.4	28	35
d1yuja_/g.37.1.1	28	35
d2eppa1/g.37.1.1	28	35
d2ctda1/g.37.1.1	28	35
d2csha1/g.37.1.1	28	35
d2yrka1/g.37.1.4	28	35
d1ncsa_/g.37.1.1	28	35
d2csha2/g.37.1.1	29	35
d1wjpa1/g.37.1.1	29	35
d1wjpa3/g.37.1.1	29	35
d2epsa1/g.37.1.1	30	35
d1bhia_/g.37.1.1	30	35
d2drpa1/g.37.1.1	30	35
d1x6ha1/g.37.1.1	30	35
d1njqa_/g.37.1.3	31	35
d2dlka2/g.37.1.1	31	35
d1y0jb1/g.37.1.2	31	35
d1x6ha2/g.37.1.1	31	35
d1fu9a_/g.37.1.2	31	35
d2vy4a1/g.37.1.7	32	35
d2epra1/g.37.1.1	33	35
d1wjva1/g.37.1.2	33	35
d1srka_/g.37.1.1	35	35
d2glia2/g.37.1.1	35	35
d1m36a_/g.37.1.2	35	35
d2glia1/g.37.1.1	35	35
d2glia4/g.37.1.1	36	35
d1wjva2/g.37.1.2	36	35
d1u85a1/g.37.1.1	36	35
d1tf3a3/g.37.1.1	36	35
d1tf3a1/g.37.1.1	37	35
d2dlka1/g.37.1.1	37	35
d2ctda2/g.37.1.1	37	35
d1xrza_/g.37.1.1	38	35
d1rmda1/g.37.1.1	39	35
d2adra1/g.37.1.1	41	35
d1bboa2/g.37.1.1	42	35
d1a1ia1/g.37.1.1	44	35
d2j7ja3/g.37.1.1	47	35
d2j7ja1/g.37.1.1	48	35
d2dmda1/g.37.1.1	53	35
d2dlqa2/g.37.1.1	53	35
d2ct1a1/g.37.1.1	53	35
d1x5wa1/g.37.1.1	54	35
d1ubdc1/g.37.1.1	55	35
d1llmc2/g.37.1.1	60	35
d1bboa1/g.37.1.1	61	35
d2dlqa4/g.37.1.1	61	35
d2drpa2/g.37.1.1	67	35
d2dlqa1/g.37.1.1	72	35
d1znfa_/g.37.1.1	75	35
d1wjpa2/g.37.1.1	121	35
d2ahma1/a.8.9.1	73	73
d1rk8c_/b.72.3.1	33	33
d1n7da7/g.12.1.1	39	44
d1jrfa_/g.12.1.1	39	44
d1xfea2/g.12.1.1	42	44
d2gtlm2/g.12.1.1	44	44
d2fcwb1/g.12.1.1	47	44
d1v9u5_/g.12.1.1	50	44
d2axtk1/f.23.36.1	37	37
d3hqaa_/a.50.1.1	66	66
d2b97a_/b.138.1.1	70	70
d1r4ga_/a.8.5.1	53	53
d1oksa_/a.8.5.1	53	53
d1k8ba_/d.241.1.1	52	52
d1hnra_/a.155.1.1	45	47
d1ov9a_/a.155.1.1	47	47
d1wmib1/a.137.13.1	61	61
d1tbaa_/a.15.1.1	67	67
d1fs1b1/a.157.1.1	55	55
d2i5ua1/a.275.1.1	74	74
d1eara1/b.107.1.1	70	74
d1gmua1/b.107.1.1	74	74
d1aiea_/a.53.1.1	31	31
d2dkta1/g.89.1.1	74	74
d2pstx_/d.100.2.1	61	61
d1uw0a_/g.39.1.12	25	35
d2nllb_/g.39.1.2	27	35
d1kb4b_/g.39.1.2	27	35
d2qaln1/g.39.1.7	28	35
d2d8ra1/g.39.1.16	29	35
d1pzwa_/g.39.1.10	30	35
d3g9ma_/g.39.1.2	31	35
d2b8ta2/g.39.1.14	31	35
d1lv3a_/g.39.1.9	31	35
d1b8ta2/g.39.1.3	31	35
d2uubn1/g.39.1.7	31	35
d2c7na1/g.39.1.15	31	35
d1vq8u1/g.39.1.6	32	35
d2dasa1/g.39.1.17	32	35
d1r2za3/g.39.1.8	32	35
d2dara2/g.39.1.3	32	35
d1tdha3/g.39.1.8	32	35
d2ds5a_/g.39.1.11	32	35
d2vuti1/g.39.1.1	33	35
d2d8ya2/g.39.1.3	33	35
d1xbta2/g.39.1.14	33	35
d1wiga2/g.39.1.3	33	35
d1v6ga1/g.39.1.3	33	35
d1tjla2/g.39.1.13	34	35
d1v6ga2/g.39.1.3	34	35
d1k3xa3/g.39.1.8	34	35
d2dj7a2/g.39.1.3	34	35
d2co8a2/g.39.1.3	35	35
d1xpaa2/g.39.1.5	35	35
d2dloa1/g.39.1.3	35	35
d2d8ya1/g.39.1.3	35	35
d2cora2/g.39.1.3	35	35
d1x62a2/g.39.1.3	35	35
d1x3ha1/g.39.1.3	35	35
d1u5sb2/g.39.1.3	35	35
d1g47a1/g.39.1.3	36	35
d1b8ta1/g.39.1.3	36	35
d1x6aa2/g.39.1.3	36	35
d1x6aa1/g.39.1.3	40	35
d1x68a2/g.39.1.3	40	35
d1rutx2/g.39.1.3	41	35
d2gvia2/g.39.1.18	41	35
d2dloa2/g.39.1.3	41	35
d2cu8a2/g.39.1.3	41	35
d2co8a1/g.39.1.3	42	35
d1rutx4/g.39.1.3	42	35
d2dara1/g.39.1.3	43	35
d2d8xa1/g.39.1.3	44	35
d2cuqa1/g.39.1.3	45	35
d1x61a2/g.39.1.3	46	35
d1x4ka1/g.39.1.3	49	35
d1x3ha2/g.39.1.3	53	35
d2dj7a1/g.39.1.3	55	35
d2cupa2/g.39.1.3	60	35
d1x62a1/g.39.1.3	65	35
d1u5sb1/g.39.1.3	65	35
d1rutx3/g.39.1.3	67	35
d1cxxa2/g.39.1.3	78	35
d1rutx1/g.39.1.3	80	35
d1x68a1/g.39.1.3	86	35
d1ibia1/g.39.1.3	96	35
d1x61a1/g.39.1.3	99	35
d1x4ka2/g.39.1.3	103	35
d2d8xa2/g.39.1.3	117	35
d1kg1a_/g.70.1.1	60	60
d1dkga1/b.73.1.1	59	59
d1hc7a3/d.68.5.1	62	71
d1nj1a2/d.68.5.1	71	71
d1nj8a2/d.68.5.1	74	71
d2bska1/g.83.1.1	65	73
d2bskb1/g.83.1.1	73	73
d2jn4a1/b.173.1.1	66	66
d1hn6a_/g.61.1.1	34	110
d1jb0k_/f.30.1.1	46	46
d2j9ub1/g.41.11.1	27	45
d2c6ba1/g.41.11.1	31	45
d1n0za_/g.41.11.1	41	45
d2cr8a1/g.41.11.1	45	45
d1q5wa_/g.41.11.1	46	45
d3gj3b_/g.41.11.1	47	45
d1mkna_/g.5.1.1	43	59
d1mkca_/g.5.1.2	59	59
d2erla_/a.10.1.1	37	40
d1erda_/a.10.1.1	40	40
d1hd6a_/a.10.1.1	40	40
d2jrxa1/a.284.1.1	62	75
d2otaa1/a.284.1.1	75	75
d3ag3k_/f.23.5.1	49	49
d1v64a_/a.21.1.1	64	78
d1k99a_/a.21.1.1	66	78
d1wgfa_/a.21.1.1	71	78
d2lefa_/a.21.1.1	73	78
d1j3da_/a.21.1.1	78	78
d1qrva_/a.21.1.1	86	78
d1ckta_/a.21.1.1	90	78
d2hdza_/a.21.1.1	91	78
d4a3na_/a.21.1.0	108	78
d3ag3l_/f.23.6.1	46	46
d1ahla_/g.9.1.1	29	41
d1sh1a_/g.9.1.1	32	41
d1kj6a_/g.9.1.1	36	41
d1bdsa_/g.9.1.1	37	41
d1zuea1/g.9.1.1	37	41
d1h5oa_/g.9.1.2	38	41
d1b8wa_/g.9.1.1	38	41
d1fd3a_/g.9.1.1	41	41
d1ut3a_/g.9.1.1	42	41
d1bnba_/g.9.1.1	42	41
d1zlhb2/g.9.1.3	42	41
d1zlhb1/g.9.1.3	43	41
d2nlsa_/g.9.1.1	45	41
d1ewsa_/g.9.1.1	48	41
d1zmia_/g.9.1.1	49	41
d1h0za_/g.68.1.2	48	55
d1z7kb_/g.68.1.1	51	55
d1pcea_/g.68.1.1	53	55
d1nuba3/g.68.1.1	55	55
d1tgsi_/g.68.1.1	55	55
d1iw4a_/g.68.1.1	55	55
d1hdla_/g.68.1.2	58	55
d2erwa1/g.68.1.1	60	55
d1r0ri_/g.68.1.1	62	55
d1lr7a2/g.68.1.1	68	55
d1rrza_/a.7.10.1	66	66
d2a0ua1/c.124.1.5	96	242
d1pfva3/g.41.1.1	35	35
d1v8ca2/d.129.5.1	78	78
d1exka_/g.54.1.1	74	79
d1nlta3/g.54.1.1	79	79
d1xjha_/g.81.1.1	57	62
d1vzya2/g.81.1.1	62	62
d1sg7a1/a.239.1.1	75	75
d2nr5a1/a.25.6.1	60	60
d1pj5a4/d.250.1.1	117	274
d3hcna_/c.92.1.1	126	262
d1auua_/b.35.2.1	55	55
d1flei_/g.3.14.1	47	47
d1wh2a_/d.76.1.1	62	78
d1syxb1/d.76.1.1	78	78
d1yaro_/a.24.8.1	60	218
d2fk4a1/g.90.1.1	64	64
d1n00a_/a.65.1.1	73	315
d2dofa1/a.159.2.1	56	69
d2doea1/a.159.2.1	64	69
d2doda1/a.159.2.1	69	69
d1uzca_/a.159.2.1	69	69
d2cqna1/a.159.2.1	70	69
d2b7ea1/a.159.2.1	72	69
d1uv7a_/d.67.4.1	76	76
d1afpa_/g.26.1.1	51	51
d2qp8a_/b.50.1.2	43	325
d1t6ex_/b.50.1.2	95	325
d1wkra_/b.50.1.2	99	325
d3k1wa_/b.50.1.2	104	325
d3pvka_/b.50.1.2	112	325
d2bjua1/b.50.1.2	115	325
d1oewa_/b.50.1.2	126	325
d2o35a1/a.293.1.1	79	79
d1kqka_/d.58.17.1	63	72
d3cjkb_/d.58.17.1	66	72
d3dxsx_/d.58.17.0	67	72
d1mwza_/d.58.17.1	68	72
d1qupa2/d.58.17.1	69	72
d1cc8a_/d.58.17.1	72	72
d1afia_/d.58.17.1	72	72
d2qifa_/d.58.17.1	72	72
d1cpza_/d.58.17.1	73	72
d2xmwa_/d.58.17.0	74	72
d3iwla_/d.58.17.1	75	72
d2xmja_/d.58.17.1	80	72
d1ryka_/a.60.11.1	69	69
d3d36c_/a.2.12.1	42	42
d1lpva_/g.62.1.1	52	52
d2cqea1/g.66.1.1	29	37
d2fc6a1/g.66.1.1	36	37
d1rgoa1/g.66.1.1	37	37
d2cqea2/g.66.1.1	56	37
d2gj4a_/c.87.1.4	166	387
d1rkla_/f.23.30.1	36	36
d1ek8a_/d.67.3.1	84	184
d2f4mb_/a.189.1.1	57	61
d1x3zb_/a.189.1.1	61	61
d1qoja_/a.2.9.1	46	46
d2i5vo_/b.76.1.1	95	246
d1ataa_/g.22.1.1	52	61
d1eaic_/g.22.1.1	60	61
d1hx2a_/g.22.1.2	61	61
d2h9ec_/g.22.1.1	62	61
d1vcca_/d.121.1.1	77	77
d1gl1i_/g.4.1.1	32	34
d1gl0i_/g.4.1.1	34	34
d1dwka2/d.72.1.1	70	70
d1q1va_/a.159.4.1	70	70
d1g3pa2/b.37.1.1	61	65
d1g3pa1/b.37.1.1	65	65
d2x9aa_/b.37.1.0	127	65
d1j8ia_/d.9.1.1	61	67
d1o80a_/d.9.1.1	62	67
d1el0a_/d.9.1.1	64	67
d1rjta_/d.9.1.1	64	67
d1g2sa_/d.9.1.1	65	67
d1zxta_/d.9.1.0	66	67
d1nr4a_/d.9.1.1	67	67
d1b3aa_/d.9.1.1	67	67
d2q8re_/d.9.1.0	69	67
d2ra4a_/d.9.1.1	71	67
d1tvxa_/d.9.1.1	73	67
d1f2la_/d.9.1.1	74	67
d3gv3a_/d.9.1.1	74	67
d1m8aa_/d.9.1.1	93	67
d2dt7b1/a.217.1.1	53	65
d1x4oa1/a.217.1.1	63	65
d2dt6a1/a.217.1.1	65	65
d1x4pa1/a.217.1.1	84	65
d1c99a_/f.17.1.1	79	79
d1y7ma2/d.7.1.1	48	48
d1e0ga_/d.7.1.1	48	48
d2jova1/d.349.1.1	77	77
d3usya_/a.118.14.0	101	227
d1n8yc3/g.3.9.1	22	120
d2cs7a1/d.9.2.1	55	55
d1jala2/d.15.10.2	59	71
d1wxqa2/d.15.10.2	62	71
d1tkea1/d.15.10.1	71	71
d1nyra2/d.15.10.1	85	71
d3r9za_/d.18.1.0	66	146
d3fava_/a.25.3.1	72	74
d3favb_/a.25.3.1	74	74
d1c8da_/b.121.5.2	175	426
d1s58a_/b.121.5.2	187	426
d1lgha_/f.3.1.1	41	52
d1nkza_/f.3.1.1	43	52
d1xrda1/f.3.1.1	48	52
d1jo5a_/f.3.1.1	52	52
d1lghb_/f.3.1.1	53	52
d1nkzb_/f.3.1.1	56	52
d1q90m_/f.23.25.1	32	34
d2e74f1/f.23.25.1	34	34
d2plga1/d.198.1.2	57	130
d2baia1/g.87.1.1	32	32
d1r1fa_/g.3.3.4	29	30
d1nbja_/g.3.3.2	30	30
d3e4ha_/g.3.3.1	37	30
d1mso.1/g.1.1.1	27	28
d1bom.1/g.1.1.1	28	28
d6rlx.1/g.1.1.1	30	28
d1tbge_/a.137.3.1	54	68
d1gg2g_/a.137.3.1	68	68
d2d28c1/d.52.10.1	68	144
d2q9oa3/b.6.1.3	67	139
d1u94a2/d.48.1.1	59	60
d1xp8a2/d.48.1.1	60	60
d2jlia_/d.367.1.0	17	94
d3t7ya_/d.367.1.0	21	94
d1k4ta1/a.2.8.1	72	72
d2h4oa1/d.368.1.1	62	62
d2c34a1/b.1.26.1	5	109
d2az0a1/a.30.8.1	70	70
d1pmia_/b.82.1.3	76	179
d1eyba_/b.82.1.4	88	179
d2tpta1/a.46.2.1	52	69
d1o17a1/a.46.2.1	68	69
d1khda1/a.46.2.1	69	69
d1uoua1/a.46.2.1	70	69
d2elca1/a.46.2.1	70	69
d1haea_/g.3.11.1	25	43
d1kloa2/g.3.11.2	31	43
d1kloa1/g.3.11.2	35	43
d2y5fl_/g.3.11.1	39	43
d2bz6l_/g.3.11.1	39	43
d1egfa_/g.3.11.1	39	43
d1kloa3/g.3.11.2	40	43
d1ijqa2/g.3.11.1	40	43
d1moxc_/g.3.11.1	40	43
d1autl1/g.3.11.1	40	43
d1k36a_/g.3.11.1	41	43
d1szba2/g.3.11.1	41	43
d1b9wa1/g.3.11.4	42	43
d1lmja1/g.3.11.1	43	43
d1b9wa2/g.3.11.4	43	43
d1uzka1/g.3.11.1	43	43
d1m1xb5/g.3.11.6	44	43
d1dx5i1/g.3.11.1	44	43
d1q4ga2/g.3.11.1	45	43
d1xdtr_/g.3.11.1	45	43
d1nzia2/g.3.11.1	46	43
d3bpse1/g.3.11.1	48	43
d2i9aa1/g.3.11.1	49	43
d1gl4a2/g.3.11.5	50	43
d1dx5i3/g.3.11.1	51	43
d2j5ha1/g.3.11.7	53	43
d1g1ta2/g.3.11.1	53	43
d1edmb_/g.3.11.1	54	43
d1dx5i2/g.3.11.1	55	43
d1m1xb4/g.3.11.6	56	43
d1lr7a1/g.3.11.3	63	43
d1agga_/g.3.6.2	26	35
d1xi7a_/g.3.6.5	26	35
d1g9pa_/g.3.6.2	27	35
d1cixa_/g.3.6.2	27	35
d1vtxa_/g.3.6.2	27	35
d1lmma_/g.3.6.2	27	35
d1kqha_/g.3.6.2	28	35
d1p8ba_/g.3.6.4	31	35
d1i25a_/g.3.6.2	31	35
d1dl0a_/g.3.6.2	32	35
d1axha_/g.3.6.2	32	35
d1eita_/g.3.6.2	33	35
d1mb6a_/g.3.6.2	33	35
d1lmra_/g.3.6.3	34	35
d1d1ha_/g.3.6.2	35	35
d1ag7a_/g.3.6.1	35	35
d1nixa_/g.3.6.2	35	35
d1c6wa_/g.3.6.2	36	35
d1qk7a_/g.3.6.2	37	35
d1g1pa_/g.3.6.1	37	35
d1rmka_/g.3.6.1	37	35
d1lupa_/g.3.6.2	37	35
d1y29a_/g.3.6.2	38	35
d1omca_/g.3.6.1	40	35
d1ixta_/g.3.6.1	42	35
d1fu3a_/g.3.6.1	44	35
d1av3a_/g.3.6.1	45	35
d1f3ka_/g.3.6.1	47	35
d1cnna_/g.3.6.1	48	35
d1xrsb2/d.230.4.1	52	52
d1vbwa_/d.40.1.1	63	63
d1to2i_/d.40.1.1	63	63
d1csei_/d.40.1.1	68	63
d2fi0a1/a.248.1.1	79	79
d1ppje2/f.23.12.1	34	56
d3cx5e2/f.23.12.1	39	56
d1q90r_/f.23.12.1	56	56
d2e74d2/f.23.12.1	69	56
d1ojha_/a.214.1.1	52	52
d1srya1/a.2.7.1	65	70
d2iy5a1/a.2.7.2	66	70
d1ivsa1/a.2.7.3	70	70
d1lrza1/a.2.7.4	110	70
d3arce_/f.23.38.1	34	81
d1zkra1/a.101.1.1	70	70
d1zkra2/a.101.1.1	70	70
d1utga_/a.101.1.1	72	70
d1zkea1/a.30.6.1	79	79
d1tifa_/d.15.8.1	76	76
d1co4a_/g.47.1.1	42	42
d1u97a_/a.17.1.2	68	69
d1hp8a_/a.17.1.1	69	69
d3k4ga_/a.60.3.1	67	69
d1doqa_/a.60.3.1	69	69
d1z3eb1/a.60.3.1	84	69
d4mt2a_/g.46.1.1	28	31
d1jjda_/g.46.1.1	28	31
d1rjuv_/g.46.1.1	28	31
d1qjka_/g.46.1.1	30	31
d1dmca_/g.46.1.1	31	31
d1m0ga_/g.46.1.1	36	31
d1qjla_/g.46.1.1	36	31
d1m0ja_/g.46.1.1	52	31
d1dmea_/g.46.1.1	61	31
d2g38b1/a.25.4.2	77	173
d1musa_/c.55.3.4	98	202
d1vq8w1/d.59.1.1	60	154
d1lpba2/g.3.10.1	36	44
d1imta2/g.3.10.1	39	44
d1lpba1/g.3.10.1	44	44
d1imta1/g.3.10.1	46	44
d1v66a_/a.140.2.1	36	44
d1jeqa1/a.140.2.1	37	44
d1y02a1/a.140.2.1	44	44
d1h1js_/a.140.2.1	44	44
d1zrja1/a.140.2.1	51	44
d1kcfa1/a.140.2.1	65	44
d1ohfa_/b.121.4.8	29	192
d1ihma_/b.121.4.3	46	192
d2df7a1/b.121.4.9	57	192
d1f8v.1/b.121.4.4	58	192
d1wgsa_/b.34.13.3	44	70
d2b2ya2/b.34.13.2	54	70
d3m9qa_/b.34.13.0	55	70
d2buda1/b.34.13.3	55	70
d2f5ka1/b.34.13.3	58	70
d2dy7a1/b.34.13.2	61	70
d2b2ya1/b.34.13.2	66	70
d1guwa_/b.34.13.2	68	70
d1g6za_/b.34.13.2	69	70
d2dy8a1/b.34.13.2	70	70
d2fmma_/b.34.13.2	73	70
d1xyia_/b.34.13.1	80	70
d1e0ba_/b.34.13.2	81	70
d3r93a_/b.34.13.0	83	70
d2huga1/b.34.13.2	88	70
d1pfba_/b.34.13.2	89	70
d1x3pa1/b.34.13.2	94	70
d3deoa1/b.34.13.2	133	70
d1jl0a_/d.156.1.1	54	120
d1bi6h1/g.3.12.1	11	24
d1bi6.2/g.3.12.1	24	24
d1hz6a_/d.15.7.1	56	67
d3fila_/d.15.7.1	67	67
d1c0ma1/b.34.7.1	48	53
d1ex4a1/b.34.7.1	53	53
d1gmua2/d.58.38.1	68	68
d1eara2/d.58.38.1	68	68
d3arch_/f.23.33.1	65	65
d1twfj_/a.4.11.1	65	65
d2doba_/a.64.1.1	74	78
d2qypb_/a.64.1.1	77	78
d3bqpa_/a.64.1.0	78	78
d1nkla_/a.64.1.1	78	78
d1n69a_/a.64.1.3	80	78
d1of9a_/a.64.1.4	81	78
d1l9la_/a.64.1.1	82	78
d1jb0i_/f.23.17.1	38	38
d1pd3a_/a.30.3.1	54	54
d1d0qa_/g.41.3.2	38	57
d1wiia_/g.41.3.4	49	57
d1twfi2/g.41.3.1	50	57
d1yuaa1/g.41.3.3	50	57
d1vd4a_/g.41.3.1	50	57
d1dl6a_/g.41.3.1	57	57
d1yuaa2/g.41.3.3	57	57
d1qypa_/g.41.3.1	58	57
d1tfia_/g.41.3.1	62	57
d1pfta_/g.41.3.1	65	57
d1nuia2/g.41.3.2	72	57
d1twfi1/g.41.3.1	85	57
d2akla2/g.41.3.5	102	57
d1wu9a1/a.245.1.1	59	59
d1uj8a1/a.159.5.1	64	64
d2vgha_/g.25.1.1	55	55
d1ecia_/a.33.1.1	37	37
d1ppjd2/f.23.11.1	46	46
d3ag3h_/a.51.1.1	79	79
d1hy9a_/g.3.17.1	41	41
d1hf8a1/a.7.8.2	41	112
d1y0na_/d.291.1.1	71	71
d1pxea_/g.73.1.1	48	48
d1ha8a_/g.58.1.1	51	51
d1ufia_/a.30.4.1	48	48
d1ij5a_/a.39.1.9	34	118
d1o82a_/a.64.2.1	70	70
d1vk1a_/d.268.1.2	93	196
d2fmaa_/d.230.3.1	59	59
d1qhba_/a.111.1.2	222	574
d2ca5a1/a.2.20.1	59	59
d1v5na_/g.49.1.3	49	59
d1r79a_/g.49.1.1	50	59
d1z60a1/g.49.1.2	52	59
d1faqa_/g.49.1.1	59	59
d1ptqa_/g.49.1.1	84	59
d1kbea_/g.49.1.1	89	59
d1b0na1/a.34.1.1	31	35
d1b0nb_/a.34.1.1	35	35
d1rh5b_/f.23.28.1	56	56
d1rp3b_/a.137.11.1	77	77
d1ss3a_/g.2.3.1	50	50
d1vq8a1/b.34.5.3	58	76
d2j01t1/b.34.5.6	62	76
d1vq8t1/b.34.5.1	63	76
d2j01y1/b.34.5.1	64	76
d2joya1/b.34.5.7	69	76
d1vq8q1/b.34.5.1	70	76
d1khia1/b.34.5.2	76	76
d1rl2a1/b.34.5.3	95	76
d1iz6a1/b.34.5.2	96	76
d1x6oa1/b.34.5.2	100	76
d1ueba1/b.34.5.2	119	76
d2do3a1/b.34.5.5	137	76
d1nppa2/b.34.5.4	147	76
d2piga_/b.81.1.7	83	203
d2d8qa1/g.85.1.1	46	47
d2dj8a1/g.85.1.1	47	47
d1x4sa1/g.85.1.2	57	47
d1ng6a_/a.182.1.1	51	107
d2e9xc2/d.344.1.4	49	61
d2outa2/d.344.1.1	58	61
d2e9xb2/d.344.1.2	61	61
d2e9xd2/d.344.1.3	67	61
d2hjqa2/d.344.1.1	78	61
d1uptb_/a.193.1.1	58	58
d1jb0m_/f.23.19.1	31	31
d1ok0a_/b.5.1.1	74	74
d3bixa_/c.69.1.0	122	278
d1q90g_/f.23.26.1	30	30
d1n5ua3/a.126.1.1	69	192
d1n0ua5/d.58.11.1	44	77
d2dy1a5/d.58.11.1	67	77
d1n0ua4/d.58.11.1	71	77
d2dy1a4/d.58.11.1	73	77
d1t95a3/d.58.11.3	77	77
d1vi7a2/d.58.11.2	79	77
d2cvea2/d.58.11.2	96	77
d2bv3a4/d.58.11.1	114	77
d1vpua_/g.34.1.1	45	45
d2bzba1/a.30.7.1	54	54
d1cbha_/g.3.8.1	36	36
d2dkta2/g.93.1.1	56	56
d2gsva1/a.23.7.1	67	67
d1qk9a_/d.10.1.3	49	71
d1ig4a_/d.10.1.3	63	71
d1bb8a_/d.10.1.1	71	71
d1gcca_/d.10.1.2	75	71
d1z1ba1/d.10.1.4	92	71
d2fj8a1/g.3.13.1	56	59
d2g81i1/g.3.13.1	59	59
d1vbva1/b.34.17.1	77	77
d1go3e2/d.230.1.1	68	78
d1y14b2/d.230.1.1	78	78
d1h3na3/c.26.1.1	126	317
d1ilea3/c.26.1.1	155	317
d1ffya3/c.26.1.1	157	317
d1eysh2/f.23.10.1	25	36
d2i5nh2/f.23.10.1	36	36
d1rzhh2/f.23.10.1	37	36
d1j0ta_/a.163.1.1	78	78
d1aiwa_/b.72.2.1	45	52
d1goia1/b.72.2.1	52	52
d1ed7a_/b.72.2.1	62	52
d2p5ma1/d.74.2.1	71	71
d1xxaa_/d.74.2.1	71	71
d1q2ha_/a.34.4.1	63	63
d1v58a2/d.17.3.1	59	60
d1eeja2/d.17.3.1	60	60
d1t3ba2/d.17.3.1	60	60
d1vq821/a.137.1.1	46	46
d1z0pa1/a.2.18.1	73	73
d1e8ra_/g.29.1.1	50	50
d1u9la_/a.60.4.2	59	64
d1szpa1/a.60.4.1	60	64
d2i1qa1/a.60.4.1	64	64
d1y88a1/a.60.4.3	68	64
d1dkca_/g.3.4.2	35	36
d1q3ja_/g.3.4.2	36	36
d1c4ea_/g.3.4.1	38	36
d1iiea_/a.109.1.1	75	75
d2jxta1/d.355.1.1	78	78
d3cx5i_/f.23.14.1	32	57
d1ppjj_/f.23.14.1	57	57
d1q90n_/f.23.27.1	31	31
d1rsoa_/a.194.1.1	50	57
d1vf6a_/a.194.1.1	51	57
d1y74a1/a.194.1.1	56	57
d1rsob_/a.194.1.1	57	57
d1vf6c_/a.194.1.1	58	57
d1y74b1/a.194.1.1	60	57
d1r1ha_/d.92.1.4	107	246
d3dwba_/d.92.1.0	113	246
d1oiga_/g.3.18.1	24	24
d2y0ta_/a.274.1.1	52	52
d1hywa_/d.186.1.1	58	58
d2db7a1/a.273.1.1	55	55
d1no1a_/a.179.1.1	67	67
d3dkma_/b.34.19.1	79	79
d1rqba1/a.5.7.2	46	51
d1nvma1/a.5.7.1	51	51
d1sr9a1/a.5.7.1	168	51
d1d6ga_/g.33.1.1	47	47
d3a38a_/g.35.1.1	62	74
d1hlqa_/g.35.1.1	71	74
d3h31a_/g.35.1.1	71	74
d2hipa_/g.35.1.1	74	74
d1hpia_/g.35.1.1	75	74
d1isua_/g.35.1.1	83	74
d3rnme_/a.9.1.0	42	45
d1w4ha1/a.9.1.1	45	45
d1w85i_/a.9.1.1	51	45
d1zq1a1/b.38.3.1	74	74
d1ppjd1/a.3.1.3	29	97
d1gh9a_/g.41.6.1	71	71
d1l2pa_/f.23.21.1	61	61
d2exda1/b.40.12.1	72	72
d1m5q1_/b.38.1.1	52	72
d3bw1a_/b.38.1.0	52	72
d1d3bb_/b.38.1.1	53	72
d2vxfa1/b.38.1.5	60	72
d1b34a_/b.38.1.1	62	72
d3pgga_/b.38.1.1	65	72
d1th7a1/b.38.1.1	67	72
d1ljoa_/b.38.1.1	68	72
d1b34b_/b.38.1.1	71	72
d1d3ba_/b.38.1.1	72	72
d3swnb_/b.38.1.0	74	72
d1n9ra_/b.38.1.1	75	72
d2vv5a1/b.38.1.3	76	72
d2ylba_/b.38.1.2	78	72
d1ycya1/b.38.1.4	80	72
d1kq1a_/b.38.1.2	80	72
d3bdua1/b.38.1.6	81	72
d2rb6a1/b.38.1.6	86	72
d2k57a1/b.38.1.6	127	72
d3dtub2/f.17.2.1	38	91
d1vk6a4/g.41.14.1	29	29
d1jb0x_/f.23.20.1	29	29
d2j0111/d.325.1.1	49	72
d2qamz1/d.325.1.1	70	72
d2zjru1/d.325.1.1	72	72
d2jz6a1/d.325.1.1	77	72
d2j0141/d.325.1.2	88	72
d1t50a_/g.63.1.1	58	58
d2dk4a1/a.140.6.1	63	63
d2cmyb1/g.2.4.1	21	21
d2exfa1/g.40.1.1	21	40
d1a6bb_/g.40.1.1	31	40
d1dsva_/g.40.1.1	40	40
d1dsqa_/g.40.1.1	42	40
d2ox6a1/a.35.1.6	50	76
d1s4ka_/a.35.1.6	57	76
d1wh8a_/a.35.1.7	58	76
d2icta_/a.35.1.3	61	76
d1ic8a2/a.35.1.1	62	76
d2o38a1/a.35.1.13	63	76
d1lmb3_/a.35.1.2	65	76
d1dwka1/a.35.1.4	66	76
d2o4aa_/a.35.1.7	66	76
d2ofya1/a.35.1.3	67	76
d1s7ea2/a.35.1.7	68	76
d1y9qa1/a.35.1.8	69	76
d1zs4a1/a.35.1.9	71	76
d1x57a1/a.35.1.12	74	76
d2b5aa1/a.35.1.3	75	76
d3s8qa_/a.35.1.0	76	76
d1e3oc2/a.35.1.1	77	76
d1neqa_/a.35.1.2	78	76
d2bnma1/a.35.1.3	78	76
d2a6ca1/a.35.1.13	79	76
d1b0na2/a.35.1.3	80	76
d2auwa1/a.35.1.10	82	76
d2xi8a_/a.35.1.3	84	76
d2r1jl_/a.35.1.2	86	76
d2awia1/a.35.1.11	87	76
d1r69a_/a.35.1.2	89	76
d2ppxa1/a.35.1.3	94	76
d1rzsa_/a.35.1.2	94	76
d2ovga_/a.35.1.2	111	76
d1qpza1/a.35.1.5	120	76
d1uxca_/a.35.1.5	162	76
d1w7ja1/b.34.3.1	45	48
d1kk8a1/b.34.3.1	46	48
d2mysa1/b.34.3.1	48	48
d3bz7a1/b.34.3.1	58	48
d3cx5f1/f.28.1.1	66	74
d1ppjh_/f.28.1.1	74	74
d1em9a_/a.73.1.1	15	131
d1udxa3/d.242.1.1	76	76
d3hhtb_/b.34.4.4	57	74
d3a8gb_/b.34.4.4	69	74
d2pu9b_/b.34.4.3	74	74
d1jb0e_/b.34.4.2	212	74
d2rh2a_/b.34.4.1	227	74
d2jdqd_/d.361.1.1	63	63
d1p22a1/a.158.1.1	41	100
d2zjr41/g.42.1.1	37	37
d1w6sb_/a.137.2.1	72	72
d1mija_/a.4.1.1	38	71
d1ofcx2/a.4.1.13	43	71
d2ao9a1/a.4.1.17	47	71
d1igna2/a.4.1.6	47	71
d2ga1a1/a.4.1.16	47	71
d2dw4a1/a.4.1.18	49	71
d2ezla_/a.4.1.2	49	71
d1ug2a_/a.4.1.3	50	71
d1rr7a_/a.4.1.14	50	71
d1ntca_/a.4.1.12	51	71
d2jn6a1/a.4.1.19	51	71
d2aqfa1/a.4.1.18	52	71
d1t33a1/a.4.1.9	52	71
d1igna1/a.4.1.6	52	71
d2fq3a1/a.4.1.18	54	71
d2o3fa1/a.4.1.20	55	71
d2ckxa1/a.4.1.3	55	71
d2cufa1/a.4.1.1	56	71
d1rkta1/a.4.1.9	57	71
d1wh7a_/a.4.1.1	57	71
d2oi8a1/a.4.1.9	59	71
d2fbqa1/a.4.1.9	59	71
d2o7ta1/a.4.1.9	60	71
d1iufa1/a.4.1.7	60	71
d2gfna1/a.4.1.9	60	71
d1pufa_/a.4.1.1	61	71
d1nk2p_/a.4.1.1	61	71
d1lfba_/a.4.1.1	62	71
d2fd5a1/a.4.1.9	62	71
d2ecca1/a.4.1.1	63	71
d2ecba1/a.4.1.1	63	71
d3loca1/a.4.1.9	63	71
d3c07a1/a.4.1.9	64	71
d2id6a1/a.4.1.9	65	71
d2hyja1/a.4.1.9	65	71
d2ezia_/a.4.1.2	65	71
d2zoya1/a.4.1.9	65	71
d2g7sa1/a.4.1.9	65	71
d1etxa_/a.4.1.12	66	71
d2fx0a1/a.4.1.9	66	71
d1wgxa_/a.4.1.3	66	71
d1t56a1/a.4.1.9	68	71
d1sgma1/a.4.1.9	68	71
d1pufb_/a.4.1.1	68	71
d1zk8a1/a.4.1.9	68	71
d1vi0a1/a.4.1.9	68	71
d1uhsa_/a.4.1.1	69	71
d2iu5a1/a.4.1.9	69	71
d2g3ba1/a.4.1.9	69	71
d1ui5a1/a.4.1.9	70	71
d1jt6a1/a.4.1.9	70	71
d2hkua1/a.4.1.9	71	71
d2gena1/a.4.1.9	71	71
d2np5a1/a.4.1.9	71	71
d2i10a1/a.4.1.9	71	71
d2fq4a1/a.4.1.9	72	71
d2id3a1/a.4.1.9	72	71
d2g7la1/a.4.1.9	72	71
d2d6ya1/a.4.1.9	73	71
d1z0xa1/a.4.1.9	73	71
d1xc5a1/a.4.1.3	73	71
d1iufa2/a.4.1.7	73	71
d1hlva1/a.4.1.7	73	71
d1bw5a_/a.4.1.1	74	71
d2iw5b1/a.4.1.3	74	71
d2g7ga1/a.4.1.9	74	71
d2cu7a1/a.4.1.3	75	71
d1hlva2/a.4.1.7	75	71
d1d5ya2/a.4.1.8	75	71
d1irza_/a.4.1.11	75	71
d2coba1/a.4.1.15	75	71
d2cjja1/a.4.1.3	76	71
d1k78a1/a.4.1.5	76	71
d2vkva1/a.4.1.9	76	71
d1bl0a2/a.4.1.8	77	71
d1k78a2/a.4.1.5	77	71
d1g2ha_/a.4.1.12	77	71
d2cqra1/a.4.1.3	77	71
d1umqa_/a.4.1.12	78	71
d1k61a_/a.4.1.1	78	71
d2cqqa1/a.4.1.3	79	71
d1fexa_/a.4.1.3	79	71
d2crga1/a.4.1.3	80	71
d1e3oc1/a.4.1.1	81	71
d2hosa_/a.4.1.1	82	71
d3k2aa_/a.4.1.1	83	71
d1w0ua_/a.4.1.4	83	71
d1bl0a1/a.4.1.8	85	71
d1x2ma1/a.4.1.1	86	71
d1ofcx1/a.4.1.3	88	71
d1gvda_/a.4.1.3	89	71
d3a02a_/a.4.1.1	89	71
d1tc3c_/a.4.1.2	91	71
d1u78a2/a.4.1.2	94	71
d1s7ea1/a.4.1.1	95	71
d1x58a1/a.4.1.1	99	71
d1akha_/a.4.1.1	102	71
d1x41a1/a.4.1.1	102	71
d1ijwc_/a.4.1.2	103	71
d1gv2a2/a.4.1.3	117	71
d1gdta1/a.4.1.2	127	71
d2np3a1/a.4.1.9	139	71
d1p1ja1/c.2.1.3	26	210
d1e8pa_/g.55.1.1	46	46
d2f6mb_/a.2.17.2	65	65
d2f6ma_/a.2.17.1	65	65
d2f66c1/a.2.17.3	107	65
d1rqta_/a.108.1.1	30	37
d1zavu1/a.108.1.1	37	37
d1vq8v1/a.2.2.1	50	63
d2qamx1/a.2.2.1	63	63
d2j0121/a.2.2.1	65	63
d2idob_/a.237.1.1	75	75
d2csga1/b.82.2.12	96	279
d1gp6a_/b.82.2.1	109	279
d1h2ka_/b.82.2.6	138	279
d1n0ea_/b.129.1.2	44	51
d1yfba1/b.129.1.3	51	51
d1mvfd_/b.129.1.1	141	51
d1xvha1/a.8.1.2	53	61
d2j5ya_/a.8.1.2	56	61
d1xvha2/a.8.1.2	61	61
d3qwoc_/a.8.1.1	64	61
d1neia_/d.253.1.1	60	60
d2axti1/f.23.37.1	35	35
d1mlaa2/d.58.23.1	62	70
d1nm2a2/d.58.23.1	70	70
d1oc0b_/g.64.1.1	37	37
d1dzfa2/d.78.1.1	72	72
d3arcu_/a.60.12.2	57	60
d1jmsa3/a.60.12.1	57	60
d2fmpa2/a.60.12.1	60	60
d2bcqa2/a.60.12.1	97	60
d1ydla1/d.295.1.1	63	66
d3dgpb_/d.295.1.0	66	66
d1dgsa1/a.60.2.2	55	68
d2edua1/a.60.2.7	55	68
d3bzka1/a.60.2.6	56	68
d2a1jb1/a.60.2.5	57	68
d1cuka2/a.60.2.1	59	68
d3bzka2/a.60.2.6	62	68
d1ixra1/a.60.2.1	65	68
d1x2ia1/a.60.2.5	68	68
d2duya1/a.60.2.7	73	68
d2a1ja1/a.60.2.5	73	68
d2csba1/a.60.2.4	78	68
d2csba2/a.60.2.4	78	68
d1kfta_/a.60.2.3	90	68
d2csba4/a.60.2.4	91	68
d2csba3/a.60.2.4	181	68
d2dlba1/b.174.1.1	70	70
d2c2aa1/a.30.2.1	62	67
d1joya_/a.30.2.1	67	67
d1b3qa1/a.30.2.1	89	67
d1khba1/c.91.1.1	156	313
d2hjqa1/a.140.3.2	38	47
d1a62a1/a.140.3.1	47	47
d2outa1/a.140.3.2	54	47
d1sse.1/g.78.1.1	35	35
d2c3fa1/b.108.1.5	21	150
d1k28a2/b.108.1.2	46	150
d1xaka_/b.1.24.1	68	68
d1y6za_/d.14.1.0	71	149
d1rh5c_/f.23.29.1	32	32
d2btia_/b.151.1.1	58	58
d1pzra_/a.38.2.1	60	60
d1pg5b2/g.41.7.1	53	56
d2fzcb2/g.41.7.1	56	56
d1dq3a2/d.50.3.1	66	70
d1whza_/d.50.3.2	70	70
d2hjja1/d.50.3.3	79	70
d3bhpa_/a.2.21.1	52	52
d3op8a_/g.18.1.1	53	63
d2z3qb1/g.18.1.1	58	63
d1q3xa2/g.18.1.1	59	63
d2ok5a4/g.18.1.1	59	63
d1srza_/g.18.1.1	59	63
d1ppqa_/g.18.1.1	60	63
d1ly2a1/g.18.1.1	61	63
d1elva2/g.18.1.1	62	63
d2o39c2/g.18.1.1	62	63
d1ok3a2/g.18.1.1	62	63
d1ok3a1/g.18.1.1	62	63
d1g40a1/g.18.1.1	62	63
d2b5id2/g.18.1.1	63	63
d1quba3/g.18.1.1	63	63
d1ly2a2/g.18.1.1	63	63
d1h03p2/g.18.1.1	63	63
d2ok5a2/g.18.1.1	64	63
d2o39c1/g.18.1.1	64	63
d1quba1/g.18.1.1	64	63
d1hfia_/g.18.1.1	64	63
d1h03p1/g.18.1.1	66	63
d2ok5a3/g.18.1.1	67	63
d1quba4/g.18.1.1	68	63
d2b5id1/g.18.1.1	68	63
d1hcca_/g.18.1.1	68	63
d1g40a4/g.18.1.1	75	63
d1g40a3/g.18.1.1	78	63
d1zjka2/g.18.1.1	85	63
d1akya2/g.41.2.1	31	35
d1zina2/g.41.2.1	35	35
d1zaka2/g.41.2.1	38	35
d3arcm_/f.23.35.1	34	34
d3faua_/d.68.8.1	71	71
d1nh2d2/b.56.1.1	46	50
d1nh2c_/b.56.1.1	50	50
d1nvpd2/b.56.1.1	54	50
d1kp6a_/d.58.25.1	79	79
d1mvha_/b.85.7.1	105	254
d2iuba2/f.17.3.1	50	50
d1vqqa2/d.175.1.1	82	188
d1q06a_/a.6.1.3	49	77
d1r8ea1/a.6.1.3	55	77
d1r8da_/a.6.1.3	68	77
d1sbxa_/a.6.1.4	69	77
d1l8ra_/a.6.1.4	75	77
d1q08a_/a.6.1.3	76	77
d1xpaa1/a.6.1.2	77	77
d1jjcb1/a.6.1.1	77	77
d1tnsa_/a.6.1.7	94	77
d1jjcb2/a.6.1.1	101	77
d1qpma_/a.6.1.7	106	77
d1j9ia_/a.6.1.5	109	77
d1rh6a_/a.6.1.7	118	77
d1nd9a_/a.6.1.6	122	77
d1h2sb_/f.17.4.1	60	60
d1ng7a_/a.178.1.1	60	60
d3nira_/g.13.1.1	45	48
d1bhpa_/g.13.1.1	48	48
d2g7oa1/a.241.1.1	68	68
d1gjja1/a.140.1.1	43	46
d2odci1/a.140.1.1	46	46
d1gjja2/a.140.1.1	50	46
d1ehda2/g.3.1.1	41	43
d1q9ba_/g.3.1.1	43	43
d1p9ga_/g.3.1.1	44	43
d1pbyc_/a.137.9.1	79	79
d2cmea1/b.164.1.1	78	78
d1viba_/g.2.2.1	55	55
d3ag3f_/g.41.5.3	36	44
d1yk4a_/g.41.5.1	37	44
d1lkoa2/g.41.5.1	44	44
d1vzia2/g.41.5.2	52	44
d1yuza2/g.41.5.1	98	44
d2fo1d1/a.137.14.1	63	63
d2alca_/g.38.1.1	36	41
d1pyia1/g.38.1.1	39	41
d3coqa1/g.38.1.1	41	41
d1hwtc1/g.38.1.1	42	41
d1zmec1/g.38.1.1	65	41
d1ixsa_/a.5.1.1	48	49
d1bvsa1/a.5.1.1	49	49
d1cuka1/a.5.1.1	50	49
d2cona1/g.41.15.1	66	66
d1x9ba_/a.10.2.1	53	53
d1vlia1/b.85.1.1	64	68
d2zdra1/b.85.1.1	68	68
d1ucsa_/b.85.1.1	72	68
d1iyjb2/a.171.1.1	30	30
d1g2ya_/a.34.2.1	31	31
d1vq8i1/a.4.7.1	48	70
d3cjrb1/a.4.7.1	70	70
d1ywya1/b.55.2.1	74	74
d2vn6b_/a.139.1.0	59	60
d2y3nb_/a.139.1.0	60	60
d2b59b1/a.139.1.1	60	60
d2cclb1/a.139.1.1	64	60
d2pmra1/a.8.11.1	75	75
d2oo2a1/a.8.11.1	75	75
d1pjua2/g.69.1.1	51	56
d4sgbi_/g.69.1.1	56	56
d2cu2a1/b.81.4.1	67	67
d1v1ha1/b.83.1.1	63	74
d1kkea1/b.83.1.2	74	74
d1q90a3/f.23.23.1	45	45
d2jnea1/g.41.18.1	71	71
d1rq6a_/a.4.15.1	62	62
d1a6qa1/a.159.1.1	68	68
d2bnka_/a.251.1.1	64	64
d2fyuk_/f.23.15.1	53	53
d1qusa_/d.2.1.6	86	185
d1m9za_/g.7.1.3	59	67
d1btea_/g.7.1.3	60	67
d2fd6u3/g.7.1.3	61	67
d1rewc_/g.7.1.3	62	67
d2fd6u2/g.7.1.3	63	67
d2j8ba_/g.7.1.3	65	67
d2fd6u1/g.7.1.3	65	67
d2h7za1/g.7.1.1	66	67
d4aeaa_/g.7.1.1	67	67
d1jgka_/g.7.1.1	75	67
d2h8ua_/g.7.1.1	77	67
d1ff4a_/g.7.1.1	78	67
d1f94a_/g.7.1.1	84	67
d1v6pa_/g.7.1.1	86	67
d1fasa_/g.7.1.1	87	67
d1tgxa_/g.7.1.1	92	67
d1drsa_/g.7.1.2	105	67
d1e7la1/a.140.4.1	54	54
d1uj6a2/d.58.40.1	72	74
d1o8ba2/d.58.40.1	74	74
d1ib8a1/b.38.2.1	74	74
d2pspa2/g.16.1.1	53	53
d2pspa1/g.16.1.1	53	53
d1nh2d1/a.32.1.1	43	46
d1nh2b_/a.32.1.1	46	46
d1nvpb_/a.32.1.1	50	46
d1pg6a_/b.82.5.2	65	190
d1k1fa_/a.147.1.1	67	67
d2goma1/a.7.17.1	61	61
d1v65a_/a.212.1.1	64	64
d1k5na2/d.19.1.1	81	174
d1hyrc2/d.19.1.1	83	174
d1t7va2/d.19.1.1	85	174
d1t95a1/a.5.8.1	75	75
d1f0xa2/d.145.1.1	76	167
d1wvfa2/d.145.1.1	80	167
d1v97a6/d.145.1.3	81	167
d2i0ka2/d.145.1.1	81	167
d1rm6b2/d.145.1.3	82	167
d1bbga_/g.6.1.1	40	40
d1xsva_/a.4.13.3	57	68
d1rp3a1/a.4.13.1	61	68
d1rp3a2/a.4.13.2	61	68
d1or7a1/a.4.13.2	68	68
d1smyf1/a.4.13.1	71	68
d1ku3a_/a.4.13.2	77	68
d1l0oc_/a.4.13.2	106	68
d1dtdb_/g.30.1.1	61	61
d1j34c_/g.32.1.1	30	43
d1vzma_/g.32.1.0	43	43
d2pf1a2/g.32.1.1	46	43
d1m56d_/f.23.8.1	42	42
d1yova_/c.111.1.2	92	397
d1k81a_/g.59.1.1	36	36
d1auaa1/a.5.3.1	66	75
d1olma1/a.5.3.1	75	75
d1r5la1/a.5.3.1	93	75
d2v3ia_/b.29.1.10	32	209
d1k18a_/g.67.1.1	31	31
d2ewla1/g.91.1.1	52	52
d2b9da1/g.91.1.1	52	52
d2heqa1/b.34.20.1	71	71
d2h2za_/b.47.1.4	14	220
d1pvma3/g.41.13.1	36	36
d1grja1/a.2.1.1	75	78
d2f23a1/a.2.1.1	78	78
d1jb0j_/f.23.18.1	41	41
d2a26a1/a.2.16.1	47	47
d2fqma1/d.378.1.1	65	65
d2k7ia1/d.348.1.1	52	58
d2k49a2/d.348.1.1	56	58
d3bida1/d.348.1.1	58	58
d2k49a1/d.348.1.1	62	58
d1jdqa_/d.68.3.3	77	78
d1pava_/d.68.3.3	78	78
d3lvjc_/d.68.3.3	98	78
d2i9wa2/g.74.1.1	25	39
d2i9wa3/g.74.1.1	39	39
d1z0kb1/a.2.19.1	51	61
d1z0jb1/a.2.19.1	61	61
d2dsma1/d.372.1.1	64	64
d4cpai_/g.3.2.1	29	32
d1clvi_/g.3.2.1	32	32
d1lu0a_/g.3.2.1	37	32
d2nn6g2/b.84.4.2	48	59
d1v8qa_/b.84.4.1	51	59
d2je6i2/b.84.4.2	55	59
d2nn6i2/b.84.4.2	59	59
d2ba0a2/b.84.4.2	66	59
d2nn6h2/b.84.4.2	68	59
d1qmea1/d.11.1.1	58	61
d1qmea2/d.11.1.1	61	61
d2qam31/d.301.1.1	63	64
d2j0181/d.301.1.1	64	64
d2fzta1/a.46.3.1	78	78
d1ng2a2/b.34.2.1	50	67
d1i1ja_/b.34.2.1	53	67
d1udla_/b.34.2.1	56	67
d1wiea_/b.34.2.1	56	67
d1t0ha_/b.34.2.1	57	67
d1uffa_/b.34.2.1	57	67
d1kjwa1/b.34.2.1	58	67
d1ug1a_/b.34.2.1	58	67
d1bb9a_/b.34.2.1	58	67
d3i5ra_/b.34.2.1	58	67
d1ri9a_/b.34.2.1	58	67
d1wfwa_/b.34.2.1	59	67
d1j3ta_/b.34.2.1	59	67
d1ugva_/b.34.2.1	60	67
d1u5sa1/b.34.2.1	60	67
d1k9aa1/b.34.2.1	61	67
d1gcqc_/b.34.2.1	62	67
d1wyxa_/b.34.2.0	62	67
d3rnja_/b.34.2.1	63	67
d2v1ra_/b.34.2.1	66	67
d2o9sa_/b.34.2.0	67	67
d1gl5a_/b.34.2.1	67	67
d3iqla_/b.34.2.0	67	67
d1ycsb2/b.34.2.1	67	67
d2iima_/b.34.2.1	68	67
d1k4us_/b.34.2.1	69	67
d1y0ma_/b.34.2.1	71	67
d2v1qa_/b.34.2.0	71	67
d2ak5a_/b.34.2.1	72	67
d1yn8a_/b.34.2.0	74	67
d1i07a_/b.34.2.1	74	67
d3m0ua_/b.34.2.1	77	67
d1uj0a_/b.34.2.1	81	67
d1oota_/b.34.2.1	83	67
d1ng2a1/b.34.2.1	92	67
d1bbza_/b.34.2.1	93	67
d3i35a_/b.34.2.1	93	67
d1ckaa_/b.34.2.1	96	67
d1zuua1/b.34.2.1	96	67
d1w6xa_/b.34.2.0	98	67
d2rn8a1/b.34.2.1	106	67
d1gria1/b.34.2.1	118	67
d1j2la_/g.20.1.1	49	68
d2echa_/g.20.1.1	68	68
d1t3ta1/a.5.10.1	68	68
d1sz2a1/c.55.1.7	75	170
d1psya_/a.52.1.3	31	103
d1ansa_/g.11.1.1	27	27
d3ag3j_/f.23.4.1	58	58
d2dw4a2/c.3.1.2	47	229
d1gpea1/c.3.1.2	107	229
d1sopa_/g.71.1.1	24	24
d2ayda_/g.79.1.0	76	76
d2clyc_/f.45.1.1	66	66
d2e74e1/f.23.24.1	32	32
d1q90l_/f.23.24.1	32	32
d1jmu.1/e.35.1.1	33	33
d1utaa_/d.58.52.1	77	77
d1sumb_/a.7.12.1	99	215
d3ag3m_/f.23.7.1	43	43
d1u6gc_/a.118.1.2	25	264
d1wa5c_/a.118.1.1	82	264
d1qgra_/a.118.1.1	85	264
d2bpta_/a.118.1.0	108	264
d2z5ka_/a.118.1.1	111	264
d2vgla_/a.118.1.10	121	264
d1b3ua_/a.118.1.2	127	264
d2jkrb_/a.118.1.10	129	264
d1jdha_/a.118.1.1	130	264
d2djaa1/g.43.1.1	39	54
d2csva1/g.43.1.1	40	54
d2d8va1/g.43.1.1	48	54
d3ddta_/g.43.1.1	54	54
d2dida1/g.43.1.1	59	54
d1frea_/g.43.1.1	71	54
d1i8xa_/g.3.16.1	30	30
d2awna1/b.40.6.3	52	71
d3d31a1/b.40.6.3	61	71
d1oxxk1/b.40.6.3	62	71
d1h9ra1/b.40.6.2	67	71
d1h9ka1/b.40.6.2	67	71
d1g2914/b.40.6.3	70	71
d1v43a2/b.40.6.3	71	71
d1guta_/b.40.6.1	76	71
d1fr3a_/b.40.6.1	77	71
d1h9ra2/b.40.6.2	110	71
d1g2913/b.40.6.3	119	71
d1v43a1/b.40.6.3	135	71
d3arcl_/f.23.31.1	37	37
d1wf3a2/d.52.3.1	25	92
d1nkpa_/a.38.1.1	63	79
d1nkpb_/a.38.1.1	65	79
d1am9a_/a.38.1.1	68	79
d1nlwa_/a.38.1.1	79	79
d1mdya_/a.38.1.1	80	79
d1an4a_/a.38.1.1	83	79
d1a0aa_/a.38.1.1	88	79
d1r0va3/d.75.1.1	58	74
d1a79a2/d.75.1.1	74	74
d1r11a3/d.75.1.1	75	74
d1hyka_/g.3.5.1	46	46
d2heyr1/g.24.1.1	24	44
d1exta1/g.24.1.1	24	44
d1exta3/g.24.1.1	27	44
d1jmab1/g.24.1.1	31	44
d1sg1x1/g.24.1.1	36	44
d2heyr3/g.24.1.1	38	44
d1d4va1/g.24.1.1	39	44
d1jmab2/g.24.1.1	40	44
d1exta2/g.24.1.1	42	44
d1sg1x3/g.24.1.1	44	44
d1d4va2/g.24.1.1	44	44
d1sg1x2/g.24.1.1	46	44
d1xu1r_/g.24.1.2	54	44
d1xu2r_/g.24.1.2	55	44
d1d4va3/g.24.1.1	56	44
d2hfgr_/g.24.1.2	57	44
d2heyr2/g.24.1.1	59	44
d1sg1x4/g.24.1.1	60	44
d1rzhh1/b.41.1.1	69	141
d1ksqa_/g.23.1.1	66	74
d1apja_/g.23.1.1	74	74
d1uzka3/g.23.1.1	75	74
d2fj6a1/a.60.15.1	70	74
d2o6ka1/a.60.15.1	74	74
d1zbdb_/g.50.1.1	47	71
d1wila_/g.50.1.3	50	71
d1wfka_/g.50.1.1	55	71
d1weva_/g.50.1.2	59	71
d1weqa_/g.50.1.2	64	71
d2v89a_/g.50.1.2	67	71
d1wewa_/g.50.1.2	70	71
d3kqia_/g.50.1.2	71	71
d1fp0a1/g.50.1.2	78	71
d1vfya_/g.50.1.1	78	71
d1we9a_/g.50.1.2	85	71
d2puya_/g.50.1.0	88	71
d3zvzb_/g.50.1.0	88	71
d2vnfa1/g.50.1.2	89	71
d1y02a2/g.50.1.1	124	71
d1t0za_/g.3.7.1	29	44
d1jxca_/g.3.7.5	31	44
d1pe4a_/g.3.7.1	31	44
d1bmra_/g.3.7.1	31	44
d1ahoa_/g.3.7.1	35	44
d2i61a_/g.3.7.1	36	44
d1brza_/g.3.7.5	36	44
d1ayja_/g.3.7.5	37	44
d1ugla_/g.3.7.5	38	44
d3psma_/g.3.7.5	38	44
d1n4na_/g.3.7.5	39	44
d1gpsa_/g.3.7.5	40	44
d1ozza_/g.3.7.4	42	44
d1myna_/g.3.7.4	44	44
d1px9a_/g.3.7.2	44	44
d1icaa_/g.3.7.4	47	44
d1fjna_/g.3.7.3	47	44
d1scoa_/g.3.7.2	47	44
d1n8ma_/g.3.7.2	50	44
d1lira_/g.3.7.2	51	44
d1mm0a_/g.3.7.4	54	44
d1j5ja_/g.3.7.2	62	44
d1sisa_/g.3.7.2	64	44
d1r1ga_/g.3.7.2	67	44
d1pvza_/g.3.7.2	67	44
d1pnha_/g.3.7.2	68	44
d1acwa_/g.3.7.2	72	44
d3arcj_/f.23.32.1	38	38
d1ehsa_/g.2.1.1	48	48
d1ehkc_/f.23.9.1	33	33
d1mo9a3/d.87.1.1	57	118
